RegionId,PeriodId,Period,Licence
1,1,"[2020-06-01 16:22:05.582678+00, 2020-06-02 04:15:31.671994+00)",B-BJ 115
1,1,"[2020-06-01 16:22:05.582678+00, 2020-06-02 04:15:31.671994+00)",B-EU 89
1,1,"[2020-06-01 16:22:05.582678+00, 2020-06-02 04:15:31.671994+00)",B-GK 109
1,1,"[2020-06-01 16:22:05.582678+00, 2020-06-02 04:15:31.671994+00)",B-IQ 116
1,1,"[2020-06-01 16:22:05.582678+00, 2020-06-02 04:15:31.671994+00)",B-IS 39
1,1,"[2020-06-01 16:22:05.582678+00, 2020-06-02 04:15:31.671994+00)",B-JU 111
1,1,"[2020-06-01 16:22:05.582678+00, 2020-06-02 04:15:31.671994+00)",B-MD 101
1,1,"[2020-06-01 16:22:05.582678+00, 2020-06-02 04:15:31.671994+00)",B-MU 41
1,1,"[2020-06-01 16:22:05.582678+00, 2020-06-02 04:15:31.671994+00)",B-OU 48
1,1,"[2020-06-01 16:22:05.582678+00, 2020-06-02 04:15:31.671994+00)",B-QI 57
1,1,"[2020-06-01 16:22:05.582678+00, 2020-06-02 04:15:31.671994+00)",B-QZ 5
1,1,"[2020-06-01 16:22:05.582678+00, 2020-06-02 04:15:31.671994+00)",B-RJ 63
1,1,"[2020-06-01 16:22:05.582678+00, 2020-06-02 04:15:31.671994+00)",B-RW 118
1,1,"[2020-06-01 16:22:05.582678+00, 2020-06-02 04:15:31.671994+00)",B-UG 53
1,1,"[2020-06-01 16:22:05.582678+00, 2020-06-02 04:15:31.671994+00)",B-UO 129
1,1,"[2020-06-01 16:22:05.582678+00, 2020-06-02 04:15:31.671994+00)",B-WE 83
1,1,"[2020-06-01 16:22:05.582678+00, 2020-06-02 04:15:31.671994+00)",B-XC 106
1,1,"[2020-06-01 16:22:05.582678+00, 2020-06-02 04:15:31.671994+00)",B-XD 67
1,1,"[2020-06-01 16:22:05.582678+00, 2020-06-02 04:15:31.671994+00)",B-YY 18
1,1,"[2020-06-01 16:22:05.582678+00, 2020-06-02 04:15:31.671994+00)",B-ZL 134
1,2,"[2020-06-02 17:15:09.085295+00, 2020-06-02 19:04:26.119882+00)",B-BJ 115
1,2,"[2020-06-02 17:15:09.085295+00, 2020-06-02 19:04:26.119882+00)",B-ED 88
1,2,"[2020-06-02 17:15:09.085295+00, 2020-06-02 19:04:26.119882+00)",B-IQ 116
1,2,"[2020-06-02 17:15:09.085295+00, 2020-06-02 19:04:26.119882+00)",B-JU 111
1,2,"[2020-06-02 17:15:09.085295+00, 2020-06-02 19:04:26.119882+00)",B-MD 101
1,2,"[2020-06-02 17:15:09.085295+00, 2020-06-02 19:04:26.119882+00)",B-MU 41
1,2,"[2020-06-02 17:15:09.085295+00, 2020-06-02 19:04:26.119882+00)",B-QZ 5
1,2,"[2020-06-02 17:15:09.085295+00, 2020-06-02 19:04:26.119882+00)",B-RW 118
1,2,"[2020-06-02 17:15:09.085295+00, 2020-06-02 19:04:26.119882+00)",B-XC 106
1,2,"[2020-06-02 17:15:09.085295+00, 2020-06-02 19:04:26.119882+00)",B-XD 67
1,2,"[2020-06-02 17:15:09.085295+00, 2020-06-02 19:04:26.119882+00)",B-YY 18
1,2,"[2020-06-02 17:15:09.085295+00, 2020-06-02 19:04:26.119882+00)",B-ZL 134
1,3,"[2020-06-01 00:00:07.969134+00, 2020-06-01 14:56:50.846603+00)",B-BJ 115
1,3,"[2020-06-01 00:00:07.969134+00, 2020-06-01 14:56:50.846603+00)",B-DB 20
1,3,"[2020-06-01 00:00:07.969134+00, 2020-06-01 14:56:50.846603+00)",B-DB 26
1,3,"[2020-06-01 00:00:07.969134+00, 2020-06-01 14:56:50.846603+00)",B-ED 88
1,3,"[2020-06-01 00:00:07.969134+00, 2020-06-01 14:56:50.846603+00)",B-EU 89
1,3,"[2020-06-01 00:00:07.969134+00, 2020-06-01 14:56:50.846603+00)",B-IQ 116
1,3,"[2020-06-01 00:00:07.969134+00, 2020-06-01 14:56:50.846603+00)",B-IS 39
1,3,"[2020-06-01 00:00:07.969134+00, 2020-06-01 14:56:50.846603+00)",B-JU 111
1,3,"[2020-06-01 00:00:07.969134+00, 2020-06-01 14:56:50.846603+00)",B-KI 60
1,3,"[2020-06-01 00:00:07.969134+00, 2020-06-01 14:56:50.846603+00)",B-MD 101
1,3,"[2020-06-01 00:00:07.969134+00, 2020-06-01 14:56:50.846603+00)",B-MU 41
1,3,"[2020-06-01 00:00:07.969134+00, 2020-06-01 14:56:50.846603+00)",B-OU 48
1,3,"[2020-06-01 00:00:07.969134+00, 2020-06-01 14:56:50.846603+00)",B-QI 57
1,3,"[2020-06-01 00:00:07.969134+00, 2020-06-01 14:56:50.846603+00)",B-QZ 5
1,3,"[2020-06-01 00:00:07.969134+00, 2020-06-01 14:56:50.846603+00)",B-RJ 63
1,3,"[2020-06-01 00:00:07.969134+00, 2020-06-01 14:56:50.846603+00)",B-RW 118
1,3,"[2020-06-01 00:00:07.969134+00, 2020-06-01 14:56:50.846603+00)",B-UG 53
1,3,"[2020-06-01 00:00:07.969134+00, 2020-06-01 14:56:50.846603+00)",B-XC 106
1,3,"[2020-06-01 00:00:07.969134+00, 2020-06-01 14:56:50.846603+00)",B-XD 67
1,3,"[2020-06-01 00:00:07.969134+00, 2020-06-01 14:56:50.846603+00)",B-YY 18
1,3,"[2020-06-01 00:00:07.969134+00, 2020-06-01 14:56:50.846603+00)",B-ZL 134
1,4,"[2020-06-03 21:27:43.364848+00, 2020-06-05 21:00:01.311949+00)",B-BJ 115
1,4,"[2020-06-03 21:27:43.364848+00, 2020-06-05 21:00:01.311949+00)",B-DB 20
1,4,"[2020-06-03 21:27:43.364848+00, 2020-06-05 21:00:01.311949+00)",B-DB 26
1,4,"[2020-06-03 21:27:43.364848+00, 2020-06-05 21:00:01.311949+00)",B-ED 88
1,4,"[2020-06-03 21:27:43.364848+00, 2020-06-05 21:00:01.311949+00)",B-EU 89
1,4,"[2020-06-03 21:27:43.364848+00, 2020-06-05 21:00:01.311949+00)",B-HQ 81
1,4,"[2020-06-03 21:27:43.364848+00, 2020-06-05 21:00:01.311949+00)",B-IQ 116
1,4,"[2020-06-03 21:27:43.364848+00, 2020-06-05 21:00:01.311949+00)",B-IS 39
1,4,"[2020-06-03 21:27:43.364848+00, 2020-06-05 21:00:01.311949+00)",B-JU 111
1,4,"[2020-06-03 21:27:43.364848+00, 2020-06-05 21:00:01.311949+00)",B-KI 60
1,4,"[2020-06-03 21:27:43.364848+00, 2020-06-05 21:00:01.311949+00)",B-MD 101
1,4,"[2020-06-03 21:27:43.364848+00, 2020-06-05 21:00:01.311949+00)",B-MU 41
1,4,"[2020-06-03 21:27:43.364848+00, 2020-06-05 21:00:01.311949+00)",B-ND 33
1,4,"[2020-06-03 21:27:43.364848+00, 2020-06-05 21:00:01.311949+00)",B-OU 48
1,4,"[2020-06-03 21:27:43.364848+00, 2020-06-05 21:00:01.311949+00)",B-PI 21
1,4,"[2020-06-03 21:27:43.364848+00, 2020-06-05 21:00:01.311949+00)",B-PZ 15
1,4,"[2020-06-03 21:27:43.364848+00, 2020-06-05 21:00:01.311949+00)",B-QI 57
1,4,"[2020-06-03 21:27:43.364848+00, 2020-06-05 21:00:01.311949+00)",B-QZ 5
1,4,"[2020-06-03 21:27:43.364848+00, 2020-06-05 21:00:01.311949+00)",B-RJ 63
1,4,"[2020-06-03 21:27:43.364848+00, 2020-06-05 21:00:01.311949+00)",B-RW 118
1,4,"[2020-06-03 21:27:43.364848+00, 2020-06-05 21:00:01.311949+00)",B-TQ 68
1,4,"[2020-06-03 21:27:43.364848+00, 2020-06-05 21:00:01.311949+00)",B-UG 53
1,4,"[2020-06-03 21:27:43.364848+00, 2020-06-05 21:00:01.311949+00)",B-WH 37
1,4,"[2020-06-03 21:27:43.364848+00, 2020-06-05 21:00:01.311949+00)",B-XC 106
1,4,"[2020-06-03 21:27:43.364848+00, 2020-06-05 21:00:01.311949+00)",B-XD 67
1,4,"[2020-06-03 21:27:43.364848+00, 2020-06-05 21:00:01.311949+00)",B-YY 18
1,4,"[2020-06-03 21:27:43.364848+00, 2020-06-05 21:00:01.311949+00)",B-ZL 134
1,4,"[2020-06-03 21:27:43.364848+00, 2020-06-05 21:00:01.311949+00)",B-ZQ 140
1,5,"[2020-06-01 16:52:24.292322+00, 2020-06-02 17:01:28.733421+00)",B-BJ 115
1,5,"[2020-06-01 16:52:24.292322+00, 2020-06-02 17:01:28.733421+00)",B-DB 20
1,5,"[2020-06-01 16:52:24.292322+00, 2020-06-02 17:01:28.733421+00)",B-DB 26
1,5,"[2020-06-01 16:52:24.292322+00, 2020-06-02 17:01:28.733421+00)",B-ED 88
1,5,"[2020-06-01 16:52:24.292322+00, 2020-06-02 17:01:28.733421+00)",B-EU 89
1,5,"[2020-06-01 16:52:24.292322+00, 2020-06-02 17:01:28.733421+00)",B-GK 109
1,5,"[2020-06-01 16:52:24.292322+00, 2020-06-02 17:01:28.733421+00)",B-IQ 116
1,5,"[2020-06-01 16:52:24.292322+00, 2020-06-02 17:01:28.733421+00)",B-IS 39
1,5,"[2020-06-01 16:52:24.292322+00, 2020-06-02 17:01:28.733421+00)",B-JU 111
1,5,"[2020-06-01 16:52:24.292322+00, 2020-06-02 17:01:28.733421+00)",B-KI 60
1,5,"[2020-06-01 16:52:24.292322+00, 2020-06-02 17:01:28.733421+00)",B-MD 101
1,5,"[2020-06-01 16:52:24.292322+00, 2020-06-02 17:01:28.733421+00)",B-MU 41
1,5,"[2020-06-01 16:52:24.292322+00, 2020-06-02 17:01:28.733421+00)",B-OU 48
1,5,"[2020-06-01 16:52:24.292322+00, 2020-06-02 17:01:28.733421+00)",B-QI 57
1,5,"[2020-06-01 16:52:24.292322+00, 2020-06-02 17:01:28.733421+00)",B-QZ 5
1,5,"[2020-06-01 16:52:24.292322+00, 2020-06-02 17:01:28.733421+00)",B-RJ 63
1,5,"[2020-06-01 16:52:24.292322+00, 2020-06-02 17:01:28.733421+00)",B-RW 118
1,5,"[2020-06-01 16:52:24.292322+00, 2020-06-02 17:01:28.733421+00)",B-UG 53
1,5,"[2020-06-01 16:52:24.292322+00, 2020-06-02 17:01:28.733421+00)",B-UO 129
1,5,"[2020-06-01 16:52:24.292322+00, 2020-06-02 17:01:28.733421+00)",B-WE 83
1,5,"[2020-06-01 16:52:24.292322+00, 2020-06-02 17:01:28.733421+00)",B-XC 106
1,5,"[2020-06-01 16:52:24.292322+00, 2020-06-02 17:01:28.733421+00)",B-XD 67
1,5,"[2020-06-01 16:52:24.292322+00, 2020-06-02 17:01:28.733421+00)",B-YY 18
1,5,"[2020-06-01 16:52:24.292322+00, 2020-06-02 17:01:28.733421+00)",B-ZL 134
1,6,"[2020-06-01 09:07:48.255855+00, 2020-06-02 05:57:36.144915+00)",B-BJ 115
1,6,"[2020-06-01 09:07:48.255855+00, 2020-06-02 05:57:36.144915+00)",B-DB 20
1,6,"[2020-06-01 09:07:48.255855+00, 2020-06-02 05:57:36.144915+00)",B-DB 26
1,6,"[2020-06-01 09:07:48.255855+00, 2020-06-02 05:57:36.144915+00)",B-ED 88
1,6,"[2020-06-01 09:07:48.255855+00, 2020-06-02 05:57:36.144915+00)",B-EU 89
1,6,"[2020-06-01 09:07:48.255855+00, 2020-06-02 05:57:36.144915+00)",B-GK 109
1,6,"[2020-06-01 09:07:48.255855+00, 2020-06-02 05:57:36.144915+00)",B-IQ 116
1,6,"[2020-06-01 09:07:48.255855+00, 2020-06-02 05:57:36.144915+00)",B-IS 39
1,6,"[2020-06-01 09:07:48.255855+00, 2020-06-02 05:57:36.144915+00)",B-JU 111
1,6,"[2020-06-01 09:07:48.255855+00, 2020-06-02 05:57:36.144915+00)",B-KI 60
1,6,"[2020-06-01 09:07:48.255855+00, 2020-06-02 05:57:36.144915+00)",B-MD 101
1,6,"[2020-06-01 09:07:48.255855+00, 2020-06-02 05:57:36.144915+00)",B-MU 41
1,6,"[2020-06-01 09:07:48.255855+00, 2020-06-02 05:57:36.144915+00)",B-OU 48
1,6,"[2020-06-01 09:07:48.255855+00, 2020-06-02 05:57:36.144915+00)",B-QI 57
1,6,"[2020-06-01 09:07:48.255855+00, 2020-06-02 05:57:36.144915+00)",B-QZ 5
1,6,"[2020-06-01 09:07:48.255855+00, 2020-06-02 05:57:36.144915+00)",B-RJ 63
1,6,"[2020-06-01 09:07:48.255855+00, 2020-06-02 05:57:36.144915+00)",B-RW 118
1,6,"[2020-06-01 09:07:48.255855+00, 2020-06-02 05:57:36.144915+00)",B-UG 53
1,6,"[2020-06-01 09:07:48.255855+00, 2020-06-02 05:57:36.144915+00)",B-UO 129
1,6,"[2020-06-01 09:07:48.255855+00, 2020-06-02 05:57:36.144915+00)",B-WE 83
1,6,"[2020-06-01 09:07:48.255855+00, 2020-06-02 05:57:36.144915+00)",B-XC 106
1,6,"[2020-06-01 09:07:48.255855+00, 2020-06-02 05:57:36.144915+00)",B-XD 67
1,6,"[2020-06-01 09:07:48.255855+00, 2020-06-02 05:57:36.144915+00)",B-YY 18
1,6,"[2020-06-01 09:07:48.255855+00, 2020-06-02 05:57:36.144915+00)",B-ZL 134
1,8,"[2020-06-03 10:01:11.421063+00, 2020-06-04 20:33:04.172466+00)",B-BJ 115
1,8,"[2020-06-03 10:01:11.421063+00, 2020-06-04 20:33:04.172466+00)",B-DB 20
1,8,"[2020-06-03 10:01:11.421063+00, 2020-06-04 20:33:04.172466+00)",B-DB 26
1,8,"[2020-06-03 10:01:11.421063+00, 2020-06-04 20:33:04.172466+00)",B-ED 88
1,8,"[2020-06-03 10:01:11.421063+00, 2020-06-04 20:33:04.172466+00)",B-EU 89
1,8,"[2020-06-03 10:01:11.421063+00, 2020-06-04 20:33:04.172466+00)",B-HQ 81
1,8,"[2020-06-03 10:01:11.421063+00, 2020-06-04 20:33:04.172466+00)",B-IQ 116
1,8,"[2020-06-03 10:01:11.421063+00, 2020-06-04 20:33:04.172466+00)",B-IS 39
1,8,"[2020-06-03 10:01:11.421063+00, 2020-06-04 20:33:04.172466+00)",B-JU 111
1,8,"[2020-06-03 10:01:11.421063+00, 2020-06-04 20:33:04.172466+00)",B-KI 60
1,8,"[2020-06-03 10:01:11.421063+00, 2020-06-04 20:33:04.172466+00)",B-MD 101
1,8,"[2020-06-03 10:01:11.421063+00, 2020-06-04 20:33:04.172466+00)",B-MU 41
1,8,"[2020-06-03 10:01:11.421063+00, 2020-06-04 20:33:04.172466+00)",B-ND 33
1,8,"[2020-06-03 10:01:11.421063+00, 2020-06-04 20:33:04.172466+00)",B-OU 48
1,8,"[2020-06-03 10:01:11.421063+00, 2020-06-04 20:33:04.172466+00)",B-PI 21
1,8,"[2020-06-03 10:01:11.421063+00, 2020-06-04 20:33:04.172466+00)",B-PZ 15
1,8,"[2020-06-03 10:01:11.421063+00, 2020-06-04 20:33:04.172466+00)",B-QI 57
1,8,"[2020-06-03 10:01:11.421063+00, 2020-06-04 20:33:04.172466+00)",B-QZ 5
1,8,"[2020-06-03 10:01:11.421063+00, 2020-06-04 20:33:04.172466+00)",B-RJ 63
1,8,"[2020-06-03 10:01:11.421063+00, 2020-06-04 20:33:04.172466+00)",B-RW 118
1,8,"[2020-06-03 10:01:11.421063+00, 2020-06-04 20:33:04.172466+00)",B-TQ 68
1,8,"[2020-06-03 10:01:11.421063+00, 2020-06-04 20:33:04.172466+00)",B-UG 53
1,8,"[2020-06-03 10:01:11.421063+00, 2020-06-04 20:33:04.172466+00)",B-WH 37
1,8,"[2020-06-03 10:01:11.421063+00, 2020-06-04 20:33:04.172466+00)",B-XC 106
1,8,"[2020-06-03 10:01:11.421063+00, 2020-06-04 20:33:04.172466+00)",B-XD 67
1,8,"[2020-06-03 10:01:11.421063+00, 2020-06-04 20:33:04.172466+00)",B-YY 18
1,8,"[2020-06-03 10:01:11.421063+00, 2020-06-04 20:33:04.172466+00)",B-ZL 134
1,8,"[2020-06-03 10:01:11.421063+00, 2020-06-04 20:33:04.172466+00)",B-ZQ 140
1,9,"[2020-06-01 05:13:10.82024+00, 2020-06-02 21:34:07.854029+00)",B-BJ 115
1,9,"[2020-06-01 05:13:10.82024+00, 2020-06-02 21:34:07.854029+00)",B-DB 20
1,9,"[2020-06-01 05:13:10.82024+00, 2020-06-02 21:34:07.854029+00)",B-DB 26
1,9,"[2020-06-01 05:13:10.82024+00, 2020-06-02 21:34:07.854029+00)",B-ED 88
1,9,"[2020-06-01 05:13:10.82024+00, 2020-06-02 21:34:07.854029+00)",B-EU 89
1,9,"[2020-06-01 05:13:10.82024+00, 2020-06-02 21:34:07.854029+00)",B-GK 109
1,9,"[2020-06-01 05:13:10.82024+00, 2020-06-02 21:34:07.854029+00)",B-IQ 116
1,9,"[2020-06-01 05:13:10.82024+00, 2020-06-02 21:34:07.854029+00)",B-IS 39
1,9,"[2020-06-01 05:13:10.82024+00, 2020-06-02 21:34:07.854029+00)",B-JU 111
1,9,"[2020-06-01 05:13:10.82024+00, 2020-06-02 21:34:07.854029+00)",B-KI 60
1,9,"[2020-06-01 05:13:10.82024+00, 2020-06-02 21:34:07.854029+00)",B-MD 101
1,9,"[2020-06-01 05:13:10.82024+00, 2020-06-02 21:34:07.854029+00)",B-MU 41
1,9,"[2020-06-01 05:13:10.82024+00, 2020-06-02 21:34:07.854029+00)",B-OU 48
1,9,"[2020-06-01 05:13:10.82024+00, 2020-06-02 21:34:07.854029+00)",B-QI 57
1,9,"[2020-06-01 05:13:10.82024+00, 2020-06-02 21:34:07.854029+00)",B-QZ 5
1,9,"[2020-06-01 05:13:10.82024+00, 2020-06-02 21:34:07.854029+00)",B-RJ 63
1,9,"[2020-06-01 05:13:10.82024+00, 2020-06-02 21:34:07.854029+00)",B-RW 118
1,9,"[2020-06-01 05:13:10.82024+00, 2020-06-02 21:34:07.854029+00)",B-UG 53
1,9,"[2020-06-01 05:13:10.82024+00, 2020-06-02 21:34:07.854029+00)",B-UO 129
1,9,"[2020-06-01 05:13:10.82024+00, 2020-06-02 21:34:07.854029+00)",B-WE 83
1,9,"[2020-06-01 05:13:10.82024+00, 2020-06-02 21:34:07.854029+00)",B-XC 106
1,9,"[2020-06-01 05:13:10.82024+00, 2020-06-02 21:34:07.854029+00)",B-XD 67
1,9,"[2020-06-01 05:13:10.82024+00, 2020-06-02 21:34:07.854029+00)",B-YY 18
1,9,"[2020-06-01 05:13:10.82024+00, 2020-06-02 21:34:07.854029+00)",B-ZL 134
2,1,"[2020-06-01 16:22:05.582678+00, 2020-06-02 04:15:31.671994+00)",B-BY 50
2,1,"[2020-06-01 16:22:05.582678+00, 2020-06-02 04:15:31.671994+00)",B-EM 62
2,1,"[2020-06-01 16:22:05.582678+00, 2020-06-02 04:15:31.671994+00)",B-IZ 27
2,1,"[2020-06-01 16:22:05.582678+00, 2020-06-02 04:15:31.671994+00)",B-JV 139
2,1,"[2020-06-01 16:22:05.582678+00, 2020-06-02 04:15:31.671994+00)",B-KM 90
2,1,"[2020-06-01 16:22:05.582678+00, 2020-06-02 04:15:31.671994+00)",B-KO 35
2,1,"[2020-06-01 16:22:05.582678+00, 2020-06-02 04:15:31.671994+00)",B-LW 23
2,1,"[2020-06-01 16:22:05.582678+00, 2020-06-02 04:15:31.671994+00)",B-LY 49
2,1,"[2020-06-01 16:22:05.582678+00, 2020-06-02 04:15:31.671994+00)",B-MF 24
2,1,"[2020-06-01 16:22:05.582678+00, 2020-06-02 04:15:31.671994+00)",B-QO 72
2,1,"[2020-06-01 16:22:05.582678+00, 2020-06-02 04:15:31.671994+00)",B-TD 126
2,1,"[2020-06-01 16:22:05.582678+00, 2020-06-02 04:15:31.671994+00)",B-TN 135
2,1,"[2020-06-01 16:22:05.582678+00, 2020-06-02 04:15:31.671994+00)",B-WI 104
2,1,"[2020-06-01 16:22:05.582678+00, 2020-06-02 04:15:31.671994+00)",B-XQ 85
2,2,"[2020-06-02 17:15:09.085295+00, 2020-06-02 19:04:26.119882+00)",B-KM 90
2,2,"[2020-06-02 17:15:09.085295+00, 2020-06-02 19:04:26.119882+00)",B-LW 23
2,2,"[2020-06-02 17:15:09.085295+00, 2020-06-02 19:04:26.119882+00)",B-QO 72
2,2,"[2020-06-02 17:15:09.085295+00, 2020-06-02 19:04:26.119882+00)",B-QV 59
2,2,"[2020-06-02 17:15:09.085295+00, 2020-06-02 19:04:26.119882+00)",B-XQ 85
2,3,"[2020-06-01 00:00:07.969134+00, 2020-06-01 14:56:50.846603+00)",B-BY 50
2,3,"[2020-06-01 00:00:07.969134+00, 2020-06-01 14:56:50.846603+00)",B-IZ 27
2,3,"[2020-06-01 00:00:07.969134+00, 2020-06-01 14:56:50.846603+00)",B-JV 139
2,3,"[2020-06-01 00:00:07.969134+00, 2020-06-01 14:56:50.846603+00)",B-KH 14
2,3,"[2020-06-01 00:00:07.969134+00, 2020-06-01 14:56:50.846603+00)",B-KM 90
2,3,"[2020-06-01 00:00:07.969134+00, 2020-06-01 14:56:50.846603+00)",B-LY 49
2,3,"[2020-06-01 00:00:07.969134+00, 2020-06-01 14:56:50.846603+00)",B-MF 24
2,3,"[2020-06-01 00:00:07.969134+00, 2020-06-01 14:56:50.846603+00)",B-QV 59
2,3,"[2020-06-01 00:00:07.969134+00, 2020-06-01 14:56:50.846603+00)",B-TD 126
2,3,"[2020-06-01 00:00:07.969134+00, 2020-06-01 14:56:50.846603+00)",B-TN 135
2,3,"[2020-06-01 00:00:07.969134+00, 2020-06-01 14:56:50.846603+00)",B-XQ 85
2,4,"[2020-06-03 21:27:43.364848+00, 2020-06-05 21:00:01.311949+00)",B-BY 50
2,4,"[2020-06-03 21:27:43.364848+00, 2020-06-05 21:00:01.311949+00)",B-IZ 27
2,4,"[2020-06-03 21:27:43.364848+00, 2020-06-05 21:00:01.311949+00)",B-JV 139
2,4,"[2020-06-03 21:27:43.364848+00, 2020-06-05 21:00:01.311949+00)",B-KH 14
2,4,"[2020-06-03 21:27:43.364848+00, 2020-06-05 21:00:01.311949+00)",B-KM 90
2,4,"[2020-06-03 21:27:43.364848+00, 2020-06-05 21:00:01.311949+00)",B-LL 61
2,4,"[2020-06-03 21:27:43.364848+00, 2020-06-05 21:00:01.311949+00)",B-LW 23
2,4,"[2020-06-03 21:27:43.364848+00, 2020-06-05 21:00:01.311949+00)",B-LY 49
2,4,"[2020-06-03 21:27:43.364848+00, 2020-06-05 21:00:01.311949+00)",B-MF 24
2,4,"[2020-06-03 21:27:43.364848+00, 2020-06-05 21:00:01.311949+00)",B-PZ 15
2,4,"[2020-06-03 21:27:43.364848+00, 2020-06-05 21:00:01.311949+00)",B-QO 72
2,4,"[2020-06-03 21:27:43.364848+00, 2020-06-05 21:00:01.311949+00)",B-QV 59
2,4,"[2020-06-03 21:27:43.364848+00, 2020-06-05 21:00:01.311949+00)",B-TD 126
2,4,"[2020-06-03 21:27:43.364848+00, 2020-06-05 21:00:01.311949+00)",B-TN 135
2,4,"[2020-06-03 21:27:43.364848+00, 2020-06-05 21:00:01.311949+00)",B-WI 104
2,4,"[2020-06-03 21:27:43.364848+00, 2020-06-05 21:00:01.311949+00)",B-XQ 85
2,5,"[2020-06-01 16:52:24.292322+00, 2020-06-02 17:01:28.733421+00)",B-BY 50
2,5,"[2020-06-01 16:52:24.292322+00, 2020-06-02 17:01:28.733421+00)",B-EM 62
2,5,"[2020-06-01 16:52:24.292322+00, 2020-06-02 17:01:28.733421+00)",B-IZ 27
2,5,"[2020-06-01 16:52:24.292322+00, 2020-06-02 17:01:28.733421+00)",B-JV 139
2,5,"[2020-06-01 16:52:24.292322+00, 2020-06-02 17:01:28.733421+00)",B-KH 14
2,5,"[2020-06-01 16:52:24.292322+00, 2020-06-02 17:01:28.733421+00)",B-KM 90
2,5,"[2020-06-01 16:52:24.292322+00, 2020-06-02 17:01:28.733421+00)",B-KO 35
2,5,"[2020-06-01 16:52:24.292322+00, 2020-06-02 17:01:28.733421+00)",B-LY 49
2,5,"[2020-06-01 16:52:24.292322+00, 2020-06-02 17:01:28.733421+00)",B-MF 24
2,5,"[2020-06-01 16:52:24.292322+00, 2020-06-02 17:01:28.733421+00)",B-QO 72
2,5,"[2020-06-01 16:52:24.292322+00, 2020-06-02 17:01:28.733421+00)",B-QV 59
2,5,"[2020-06-01 16:52:24.292322+00, 2020-06-02 17:01:28.733421+00)",B-TD 126
2,5,"[2020-06-01 16:52:24.292322+00, 2020-06-02 17:01:28.733421+00)",B-TN 135
2,5,"[2020-06-01 16:52:24.292322+00, 2020-06-02 17:01:28.733421+00)",B-WI 104
2,5,"[2020-06-01 16:52:24.292322+00, 2020-06-02 17:01:28.733421+00)",B-XQ 85
2,6,"[2020-06-01 09:07:48.255855+00, 2020-06-02 05:57:36.144915+00)",B-BY 50
2,6,"[2020-06-01 09:07:48.255855+00, 2020-06-02 05:57:36.144915+00)",B-EM 62
2,6,"[2020-06-01 09:07:48.255855+00, 2020-06-02 05:57:36.144915+00)",B-IZ 27
2,6,"[2020-06-01 09:07:48.255855+00, 2020-06-02 05:57:36.144915+00)",B-JV 139
2,6,"[2020-06-01 09:07:48.255855+00, 2020-06-02 05:57:36.144915+00)",B-KH 14
2,6,"[2020-06-01 09:07:48.255855+00, 2020-06-02 05:57:36.144915+00)",B-KM 90
2,6,"[2020-06-01 09:07:48.255855+00, 2020-06-02 05:57:36.144915+00)",B-KO 35
2,6,"[2020-06-01 09:07:48.255855+00, 2020-06-02 05:57:36.144915+00)",B-LW 23
2,6,"[2020-06-01 09:07:48.255855+00, 2020-06-02 05:57:36.144915+00)",B-LY 49
2,6,"[2020-06-01 09:07:48.255855+00, 2020-06-02 05:57:36.144915+00)",B-MF 24
2,6,"[2020-06-01 09:07:48.255855+00, 2020-06-02 05:57:36.144915+00)",B-QO 72
2,6,"[2020-06-01 09:07:48.255855+00, 2020-06-02 05:57:36.144915+00)",B-QV 59
2,6,"[2020-06-01 09:07:48.255855+00, 2020-06-02 05:57:36.144915+00)",B-TD 126
2,6,"[2020-06-01 09:07:48.255855+00, 2020-06-02 05:57:36.144915+00)",B-TN 135
2,6,"[2020-06-01 09:07:48.255855+00, 2020-06-02 05:57:36.144915+00)",B-WI 104
2,6,"[2020-06-01 09:07:48.255855+00, 2020-06-02 05:57:36.144915+00)",B-XQ 85
2,8,"[2020-06-03 10:01:11.421063+00, 2020-06-04 20:33:04.172466+00)",B-BY 50
2,8,"[2020-06-03 10:01:11.421063+00, 2020-06-04 20:33:04.172466+00)",B-IZ 27
2,8,"[2020-06-03 10:01:11.421063+00, 2020-06-04 20:33:04.172466+00)",B-JV 139
2,8,"[2020-06-03 10:01:11.421063+00, 2020-06-04 20:33:04.172466+00)",B-KH 14
2,8,"[2020-06-03 10:01:11.421063+00, 2020-06-04 20:33:04.172466+00)",B-KM 90
2,8,"[2020-06-03 10:01:11.421063+00, 2020-06-04 20:33:04.172466+00)",B-LW 23
2,8,"[2020-06-03 10:01:11.421063+00, 2020-06-04 20:33:04.172466+00)",B-LY 49
2,8,"[2020-06-03 10:01:11.421063+00, 2020-06-04 20:33:04.172466+00)",B-MF 24
2,8,"[2020-06-03 10:01:11.421063+00, 2020-06-04 20:33:04.172466+00)",B-PZ 15
2,8,"[2020-06-03 10:01:11.421063+00, 2020-06-04 20:33:04.172466+00)",B-QO 72
2,8,"[2020-06-03 10:01:11.421063+00, 2020-06-04 20:33:04.172466+00)",B-QV 59
2,8,"[2020-06-03 10:01:11.421063+00, 2020-06-04 20:33:04.172466+00)",B-TD 126
2,8,"[2020-06-03 10:01:11.421063+00, 2020-06-04 20:33:04.172466+00)",B-TN 135
2,8,"[2020-06-03 10:01:11.421063+00, 2020-06-04 20:33:04.172466+00)",B-WI 104
2,8,"[2020-06-03 10:01:11.421063+00, 2020-06-04 20:33:04.172466+00)",B-XQ 85
2,9,"[2020-06-01 05:13:10.82024+00, 2020-06-02 21:34:07.854029+00)",B-BY 50
2,9,"[2020-06-01 05:13:10.82024+00, 2020-06-02 21:34:07.854029+00)",B-EM 62
2,9,"[2020-06-01 05:13:10.82024+00, 2020-06-02 21:34:07.854029+00)",B-IZ 27
2,9,"[2020-06-01 05:13:10.82024+00, 2020-06-02 21:34:07.854029+00)",B-JM 76
2,9,"[2020-06-01 05:13:10.82024+00, 2020-06-02 21:34:07.854029+00)",B-JV 139
2,9,"[2020-06-01 05:13:10.82024+00, 2020-06-02 21:34:07.854029+00)",B-KH 14
2,9,"[2020-06-01 05:13:10.82024+00, 2020-06-02 21:34:07.854029+00)",B-KM 90
2,9,"[2020-06-01 05:13:10.82024+00, 2020-06-02 21:34:07.854029+00)",B-KO 35
2,9,"[2020-06-01 05:13:10.82024+00, 2020-06-02 21:34:07.854029+00)",B-LW 23
2,9,"[2020-06-01 05:13:10.82024+00, 2020-06-02 21:34:07.854029+00)",B-LY 49
2,9,"[2020-06-01 05:13:10.82024+00, 2020-06-02 21:34:07.854029+00)",B-MF 24
2,9,"[2020-06-01 05:13:10.82024+00, 2020-06-02 21:34:07.854029+00)",B-QO 72
2,9,"[2020-06-01 05:13:10.82024+00, 2020-06-02 21:34:07.854029+00)",B-QV 59
2,9,"[2020-06-01 05:13:10.82024+00, 2020-06-02 21:34:07.854029+00)",B-QW 58
2,9,"[2020-06-01 05:13:10.82024+00, 2020-06-02 21:34:07.854029+00)",B-TD 126
2,9,"[2020-06-01 05:13:10.82024+00, 2020-06-02 21:34:07.854029+00)",B-TN 135
2,9,"[2020-06-01 05:13:10.82024+00, 2020-06-02 21:34:07.854029+00)",B-WI 104
2,9,"[2020-06-01 05:13:10.82024+00, 2020-06-02 21:34:07.854029+00)",B-XQ 85
2,9,"[2020-06-01 05:13:10.82024+00, 2020-06-02 21:34:07.854029+00)",B-XU 70
3,1,"[2020-06-01 16:22:05.582678+00, 2020-06-02 04:15:31.671994+00)",B-GI 66
3,1,"[2020-06-01 16:22:05.582678+00, 2020-06-02 04:15:31.671994+00)",B-LE 71
3,1,"[2020-06-01 16:22:05.582678+00, 2020-06-02 04:15:31.671994+00)",B-OM 9
3,1,"[2020-06-01 16:22:05.582678+00, 2020-06-02 04:15:31.671994+00)",B-TR 25
3,1,"[2020-06-01 16:22:05.582678+00, 2020-06-02 04:15:31.671994+00)",B-WG 86
3,2,"[2020-06-02 17:15:09.085295+00, 2020-06-02 19:04:26.119882+00)",B-LE 71
3,2,"[2020-06-02 17:15:09.085295+00, 2020-06-02 19:04:26.119882+00)",B-TR 25
3,2,"[2020-06-02 17:15:09.085295+00, 2020-06-02 19:04:26.119882+00)",B-WG 86
3,3,"[2020-06-01 00:00:07.969134+00, 2020-06-01 14:56:50.846603+00)",B-OM 9
3,3,"[2020-06-01 00:00:07.969134+00, 2020-06-01 14:56:50.846603+00)",B-TR 25
3,3,"[2020-06-01 00:00:07.969134+00, 2020-06-01 14:56:50.846603+00)",B-WG 86
3,4,"[2020-06-03 21:27:43.364848+00, 2020-06-05 21:00:01.311949+00)",B-HQ 81
3,4,"[2020-06-03 21:27:43.364848+00, 2020-06-05 21:00:01.311949+00)",B-JV 139
3,4,"[2020-06-03 21:27:43.364848+00, 2020-06-05 21:00:01.311949+00)",B-LE 71
3,4,"[2020-06-03 21:27:43.364848+00, 2020-06-05 21:00:01.311949+00)",B-OM 9
3,4,"[2020-06-03 21:27:43.364848+00, 2020-06-05 21:00:01.311949+00)",B-RO 69
3,4,"[2020-06-03 21:27:43.364848+00, 2020-06-05 21:00:01.311949+00)",B-TR 25
3,4,"[2020-06-03 21:27:43.364848+00, 2020-06-05 21:00:01.311949+00)",B-WG 86
3,5,"[2020-06-01 16:52:24.292322+00, 2020-06-02 17:01:28.733421+00)",B-GI 66
3,5,"[2020-06-01 16:52:24.292322+00, 2020-06-02 17:01:28.733421+00)",B-LE 71
3,5,"[2020-06-01 16:52:24.292322+00, 2020-06-02 17:01:28.733421+00)",B-OM 9
3,5,"[2020-06-01 16:52:24.292322+00, 2020-06-02 17:01:28.733421+00)",B-TR 25
3,5,"[2020-06-01 16:52:24.292322+00, 2020-06-02 17:01:28.733421+00)",B-WG 86
3,6,"[2020-06-01 09:07:48.255855+00, 2020-06-02 05:57:36.144915+00)",B-GI 66
3,6,"[2020-06-01 09:07:48.255855+00, 2020-06-02 05:57:36.144915+00)",B-LE 71
3,6,"[2020-06-01 09:07:48.255855+00, 2020-06-02 05:57:36.144915+00)",B-OM 9
3,6,"[2020-06-01 09:07:48.255855+00, 2020-06-02 05:57:36.144915+00)",B-TR 25
3,6,"[2020-06-01 09:07:48.255855+00, 2020-06-02 05:57:36.144915+00)",B-WG 86
3,8,"[2020-06-03 10:01:11.421063+00, 2020-06-04 20:33:04.172466+00)",B-HQ 81
3,8,"[2020-06-03 10:01:11.421063+00, 2020-06-04 20:33:04.172466+00)",B-LE 71
3,8,"[2020-06-03 10:01:11.421063+00, 2020-06-04 20:33:04.172466+00)",B-OM 9
3,8,"[2020-06-03 10:01:11.421063+00, 2020-06-04 20:33:04.172466+00)",B-RO 69
3,8,"[2020-06-03 10:01:11.421063+00, 2020-06-04 20:33:04.172466+00)",B-TR 25
3,8,"[2020-06-03 10:01:11.421063+00, 2020-06-04 20:33:04.172466+00)",B-WG 86
3,9,"[2020-06-01 05:13:10.82024+00, 2020-06-02 21:34:07.854029+00)",B-GI 66
3,9,"[2020-06-01 05:13:10.82024+00, 2020-06-02 21:34:07.854029+00)",B-LE 71
3,9,"[2020-06-01 05:13:10.82024+00, 2020-06-02 21:34:07.854029+00)",B-OM 9
3,9,"[2020-06-01 05:13:10.82024+00, 2020-06-02 21:34:07.854029+00)",B-TR 25
3,9,"[2020-06-01 05:13:10.82024+00, 2020-06-02 21:34:07.854029+00)",B-WG 86
4,1,"[2020-06-01 16:22:05.582678+00, 2020-06-02 04:15:31.671994+00)",B-WE 83
4,4,"[2020-06-03 21:27:43.364848+00, 2020-06-05 21:00:01.311949+00)",B-WE 83
4,5,"[2020-06-01 16:52:24.292322+00, 2020-06-02 17:01:28.733421+00)",B-WE 83
4,6,"[2020-06-01 09:07:48.255855+00, 2020-06-02 05:57:36.144915+00)",B-WE 83
4,8,"[2020-06-03 10:01:11.421063+00, 2020-06-04 20:33:04.172466+00)",B-WE 83
4,9,"[2020-06-01 05:13:10.82024+00, 2020-06-02 21:34:07.854029+00)",B-WE 83
6,1,"[2020-06-01 16:22:05.582678+00, 2020-06-02 04:15:31.671994+00)",B-BJ 115
6,1,"[2020-06-01 16:22:05.582678+00, 2020-06-02 04:15:31.671994+00)",B-DB 20
6,1,"[2020-06-01 16:22:05.582678+00, 2020-06-02 04:15:31.671994+00)",B-DB 26
6,1,"[2020-06-01 16:22:05.582678+00, 2020-06-02 04:15:31.671994+00)",B-EU 89
6,1,"[2020-06-01 16:22:05.582678+00, 2020-06-02 04:15:31.671994+00)",B-FF 133
6,1,"[2020-06-01 16:22:05.582678+00, 2020-06-02 04:15:31.671994+00)",B-IQ 116
6,1,"[2020-06-01 16:22:05.582678+00, 2020-06-02 04:15:31.671994+00)",B-JM 119
6,1,"[2020-06-01 16:22:05.582678+00, 2020-06-02 04:15:31.671994+00)",B-JU 111
6,1,"[2020-06-01 16:22:05.582678+00, 2020-06-02 04:15:31.671994+00)",B-MD 101
6,1,"[2020-06-01 16:22:05.582678+00, 2020-06-02 04:15:31.671994+00)",B-MU 41
6,1,"[2020-06-01 16:22:05.582678+00, 2020-06-02 04:15:31.671994+00)",B-OD 141
6,1,"[2020-06-01 16:22:05.582678+00, 2020-06-02 04:15:31.671994+00)",B-OU 48
6,1,"[2020-06-01 16:22:05.582678+00, 2020-06-02 04:15:31.671994+00)",B-QZ 5
6,1,"[2020-06-01 16:22:05.582678+00, 2020-06-02 04:15:31.671994+00)",B-RJ 63
6,1,"[2020-06-01 16:22:05.582678+00, 2020-06-02 04:15:31.671994+00)",B-UO 129
6,1,"[2020-06-01 16:22:05.582678+00, 2020-06-02 04:15:31.671994+00)",B-WE 83
6,1,"[2020-06-01 16:22:05.582678+00, 2020-06-02 04:15:31.671994+00)",B-WZ 19
6,1,"[2020-06-01 16:22:05.582678+00, 2020-06-02 04:15:31.671994+00)",B-XC 106
6,1,"[2020-06-01 16:22:05.582678+00, 2020-06-02 04:15:31.671994+00)",B-XD 67
6,1,"[2020-06-01 16:22:05.582678+00, 2020-06-02 04:15:31.671994+00)",B-YT 16
6,1,"[2020-06-01 16:22:05.582678+00, 2020-06-02 04:15:31.671994+00)",B-YY 18
6,1,"[2020-06-01 16:22:05.582678+00, 2020-06-02 04:15:31.671994+00)",B-ZL 134
6,2,"[2020-06-02 17:15:09.085295+00, 2020-06-02 19:04:26.119882+00)",B-BJ 115
6,2,"[2020-06-02 17:15:09.085295+00, 2020-06-02 19:04:26.119882+00)",B-DB 20
6,2,"[2020-06-02 17:15:09.085295+00, 2020-06-02 19:04:26.119882+00)",B-DB 26
6,2,"[2020-06-02 17:15:09.085295+00, 2020-06-02 19:04:26.119882+00)",B-EU 89
6,2,"[2020-06-02 17:15:09.085295+00, 2020-06-02 19:04:26.119882+00)",B-FF 133
6,2,"[2020-06-02 17:15:09.085295+00, 2020-06-02 19:04:26.119882+00)",B-IQ 116
6,2,"[2020-06-02 17:15:09.085295+00, 2020-06-02 19:04:26.119882+00)",B-JU 111
6,2,"[2020-06-02 17:15:09.085295+00, 2020-06-02 19:04:26.119882+00)",B-MD 101
6,2,"[2020-06-02 17:15:09.085295+00, 2020-06-02 19:04:26.119882+00)",B-MU 41
6,2,"[2020-06-02 17:15:09.085295+00, 2020-06-02 19:04:26.119882+00)",B-QZ 5
6,2,"[2020-06-02 17:15:09.085295+00, 2020-06-02 19:04:26.119882+00)",B-WZ 19
6,2,"[2020-06-02 17:15:09.085295+00, 2020-06-02 19:04:26.119882+00)",B-XC 106
6,2,"[2020-06-02 17:15:09.085295+00, 2020-06-02 19:04:26.119882+00)",B-XD 67
6,2,"[2020-06-02 17:15:09.085295+00, 2020-06-02 19:04:26.119882+00)",B-YT 16
6,2,"[2020-06-02 17:15:09.085295+00, 2020-06-02 19:04:26.119882+00)",B-YY 18
6,2,"[2020-06-02 17:15:09.085295+00, 2020-06-02 19:04:26.119882+00)",B-ZL 134
6,3,"[2020-06-01 00:00:07.969134+00, 2020-06-01 14:56:50.846603+00)",B-BJ 115
6,3,"[2020-06-01 00:00:07.969134+00, 2020-06-01 14:56:50.846603+00)",B-DB 26
6,3,"[2020-06-01 00:00:07.969134+00, 2020-06-01 14:56:50.846603+00)",B-EU 89
6,3,"[2020-06-01 00:00:07.969134+00, 2020-06-01 14:56:50.846603+00)",B-FF 133
6,3,"[2020-06-01 00:00:07.969134+00, 2020-06-01 14:56:50.846603+00)",B-IQ 116
6,3,"[2020-06-01 00:00:07.969134+00, 2020-06-01 14:56:50.846603+00)",B-JM 119
6,3,"[2020-06-01 00:00:07.969134+00, 2020-06-01 14:56:50.846603+00)",B-JU 111
6,3,"[2020-06-01 00:00:07.969134+00, 2020-06-01 14:56:50.846603+00)",B-KI 60
6,3,"[2020-06-01 00:00:07.969134+00, 2020-06-01 14:56:50.846603+00)",B-MD 101
6,3,"[2020-06-01 00:00:07.969134+00, 2020-06-01 14:56:50.846603+00)",B-MU 41
6,3,"[2020-06-01 00:00:07.969134+00, 2020-06-01 14:56:50.846603+00)",B-OD 141
6,3,"[2020-06-01 00:00:07.969134+00, 2020-06-01 14:56:50.846603+00)",B-OU 48
6,3,"[2020-06-01 00:00:07.969134+00, 2020-06-01 14:56:50.846603+00)",B-PI 21
6,3,"[2020-06-01 00:00:07.969134+00, 2020-06-01 14:56:50.846603+00)",B-QZ 5
6,3,"[2020-06-01 00:00:07.969134+00, 2020-06-01 14:56:50.846603+00)",B-RJ 63
6,3,"[2020-06-01 00:00:07.969134+00, 2020-06-01 14:56:50.846603+00)",B-WE 83
6,3,"[2020-06-01 00:00:07.969134+00, 2020-06-01 14:56:50.846603+00)",B-WZ 19
6,3,"[2020-06-01 00:00:07.969134+00, 2020-06-01 14:56:50.846603+00)",B-XC 106
6,3,"[2020-06-01 00:00:07.969134+00, 2020-06-01 14:56:50.846603+00)",B-XD 67
6,3,"[2020-06-01 00:00:07.969134+00, 2020-06-01 14:56:50.846603+00)",B-YT 16
6,3,"[2020-06-01 00:00:07.969134+00, 2020-06-01 14:56:50.846603+00)",B-YY 18
6,3,"[2020-06-01 00:00:07.969134+00, 2020-06-01 14:56:50.846603+00)",B-ZL 134
6,4,"[2020-06-03 21:27:43.364848+00, 2020-06-05 21:00:01.311949+00)",B-BJ 115
6,4,"[2020-06-03 21:27:43.364848+00, 2020-06-05 21:00:01.311949+00)",B-DB 20
6,4,"[2020-06-03 21:27:43.364848+00, 2020-06-05 21:00:01.311949+00)",B-DB 26
6,4,"[2020-06-03 21:27:43.364848+00, 2020-06-05 21:00:01.311949+00)",B-EU 89
6,4,"[2020-06-03 21:27:43.364848+00, 2020-06-05 21:00:01.311949+00)",B-FF 133
6,4,"[2020-06-03 21:27:43.364848+00, 2020-06-05 21:00:01.311949+00)",B-HQ 81
6,4,"[2020-06-03 21:27:43.364848+00, 2020-06-05 21:00:01.311949+00)",B-IQ 116
6,4,"[2020-06-03 21:27:43.364848+00, 2020-06-05 21:00:01.311949+00)",B-JM 119
6,4,"[2020-06-03 21:27:43.364848+00, 2020-06-05 21:00:01.311949+00)",B-JU 111
6,4,"[2020-06-03 21:27:43.364848+00, 2020-06-05 21:00:01.311949+00)",B-KI 60
6,4,"[2020-06-03 21:27:43.364848+00, 2020-06-05 21:00:01.311949+00)",B-MD 101
6,4,"[2020-06-03 21:27:43.364848+00, 2020-06-05 21:00:01.311949+00)",B-MU 41
6,4,"[2020-06-03 21:27:43.364848+00, 2020-06-05 21:00:01.311949+00)",B-ND 33
6,4,"[2020-06-03 21:27:43.364848+00, 2020-06-05 21:00:01.311949+00)",B-OD 141
6,4,"[2020-06-03 21:27:43.364848+00, 2020-06-05 21:00:01.311949+00)",B-OU 48
6,4,"[2020-06-03 21:27:43.364848+00, 2020-06-05 21:00:01.311949+00)",B-PI 21
6,4,"[2020-06-03 21:27:43.364848+00, 2020-06-05 21:00:01.311949+00)",B-PZ 15
6,4,"[2020-06-03 21:27:43.364848+00, 2020-06-05 21:00:01.311949+00)",B-QZ 5
6,4,"[2020-06-03 21:27:43.364848+00, 2020-06-05 21:00:01.311949+00)",B-RJ 63
6,4,"[2020-06-03 21:27:43.364848+00, 2020-06-05 21:00:01.311949+00)",B-TQ 68
6,4,"[2020-06-03 21:27:43.364848+00, 2020-06-05 21:00:01.311949+00)",B-WE 83
6,4,"[2020-06-03 21:27:43.364848+00, 2020-06-05 21:00:01.311949+00)",B-WZ 19
6,4,"[2020-06-03 21:27:43.364848+00, 2020-06-05 21:00:01.311949+00)",B-XC 106
6,4,"[2020-06-03 21:27:43.364848+00, 2020-06-05 21:00:01.311949+00)",B-XD 67
6,4,"[2020-06-03 21:27:43.364848+00, 2020-06-05 21:00:01.311949+00)",B-YT 16
6,4,"[2020-06-03 21:27:43.364848+00, 2020-06-05 21:00:01.311949+00)",B-YY 18
6,4,"[2020-06-03 21:27:43.364848+00, 2020-06-05 21:00:01.311949+00)",B-ZL 134
6,4,"[2020-06-03 21:27:43.364848+00, 2020-06-05 21:00:01.311949+00)",B-ZQ 140
6,5,"[2020-06-01 16:52:24.292322+00, 2020-06-02 17:01:28.733421+00)",B-BJ 115
6,5,"[2020-06-01 16:52:24.292322+00, 2020-06-02 17:01:28.733421+00)",B-DB 26
6,5,"[2020-06-01 16:52:24.292322+00, 2020-06-02 17:01:28.733421+00)",B-EU 89
6,5,"[2020-06-01 16:52:24.292322+00, 2020-06-02 17:01:28.733421+00)",B-FF 133
6,5,"[2020-06-01 16:52:24.292322+00, 2020-06-02 17:01:28.733421+00)",B-IQ 116
6,5,"[2020-06-01 16:52:24.292322+00, 2020-06-02 17:01:28.733421+00)",B-JM 119
6,5,"[2020-06-01 16:52:24.292322+00, 2020-06-02 17:01:28.733421+00)",B-JU 111
6,5,"[2020-06-01 16:52:24.292322+00, 2020-06-02 17:01:28.733421+00)",B-KI 60
6,5,"[2020-06-01 16:52:24.292322+00, 2020-06-02 17:01:28.733421+00)",B-MD 101
6,5,"[2020-06-01 16:52:24.292322+00, 2020-06-02 17:01:28.733421+00)",B-MU 41
6,5,"[2020-06-01 16:52:24.292322+00, 2020-06-02 17:01:28.733421+00)",B-OD 141
6,5,"[2020-06-01 16:52:24.292322+00, 2020-06-02 17:01:28.733421+00)",B-OU 48
6,5,"[2020-06-01 16:52:24.292322+00, 2020-06-02 17:01:28.733421+00)",B-PI 21
6,5,"[2020-06-01 16:52:24.292322+00, 2020-06-02 17:01:28.733421+00)",B-QZ 5
6,5,"[2020-06-01 16:52:24.292322+00, 2020-06-02 17:01:28.733421+00)",B-RJ 63
6,5,"[2020-06-01 16:52:24.292322+00, 2020-06-02 17:01:28.733421+00)",B-UO 129
6,5,"[2020-06-01 16:52:24.292322+00, 2020-06-02 17:01:28.733421+00)",B-WE 83
6,5,"[2020-06-01 16:52:24.292322+00, 2020-06-02 17:01:28.733421+00)",B-WZ 19
6,5,"[2020-06-01 16:52:24.292322+00, 2020-06-02 17:01:28.733421+00)",B-XC 106
6,5,"[2020-06-01 16:52:24.292322+00, 2020-06-02 17:01:28.733421+00)",B-XD 67
6,5,"[2020-06-01 16:52:24.292322+00, 2020-06-02 17:01:28.733421+00)",B-YT 16
6,5,"[2020-06-01 16:52:24.292322+00, 2020-06-02 17:01:28.733421+00)",B-YY 18
6,5,"[2020-06-01 16:52:24.292322+00, 2020-06-02 17:01:28.733421+00)",B-ZL 134
6,6,"[2020-06-01 09:07:48.255855+00, 2020-06-02 05:57:36.144915+00)",B-BJ 115
6,6,"[2020-06-01 09:07:48.255855+00, 2020-06-02 05:57:36.144915+00)",B-DB 20
6,6,"[2020-06-01 09:07:48.255855+00, 2020-06-02 05:57:36.144915+00)",B-DB 26
6,6,"[2020-06-01 09:07:48.255855+00, 2020-06-02 05:57:36.144915+00)",B-EU 89
6,6,"[2020-06-01 09:07:48.255855+00, 2020-06-02 05:57:36.144915+00)",B-FF 133
6,6,"[2020-06-01 09:07:48.255855+00, 2020-06-02 05:57:36.144915+00)",B-IQ 116
6,6,"[2020-06-01 09:07:48.255855+00, 2020-06-02 05:57:36.144915+00)",B-JM 119
6,6,"[2020-06-01 09:07:48.255855+00, 2020-06-02 05:57:36.144915+00)",B-JU 111
6,6,"[2020-06-01 09:07:48.255855+00, 2020-06-02 05:57:36.144915+00)",B-KI 60
6,6,"[2020-06-01 09:07:48.255855+00, 2020-06-02 05:57:36.144915+00)",B-MD 101
6,6,"[2020-06-01 09:07:48.255855+00, 2020-06-02 05:57:36.144915+00)",B-MU 41
6,6,"[2020-06-01 09:07:48.255855+00, 2020-06-02 05:57:36.144915+00)",B-OD 141
6,6,"[2020-06-01 09:07:48.255855+00, 2020-06-02 05:57:36.144915+00)",B-OU 48
6,6,"[2020-06-01 09:07:48.255855+00, 2020-06-02 05:57:36.144915+00)",B-PI 21
6,6,"[2020-06-01 09:07:48.255855+00, 2020-06-02 05:57:36.144915+00)",B-QZ 5
6,6,"[2020-06-01 09:07:48.255855+00, 2020-06-02 05:57:36.144915+00)",B-RJ 63
6,6,"[2020-06-01 09:07:48.255855+00, 2020-06-02 05:57:36.144915+00)",B-UO 129
6,6,"[2020-06-01 09:07:48.255855+00, 2020-06-02 05:57:36.144915+00)",B-WE 83
6,6,"[2020-06-01 09:07:48.255855+00, 2020-06-02 05:57:36.144915+00)",B-WZ 19
6,6,"[2020-06-01 09:07:48.255855+00, 2020-06-02 05:57:36.144915+00)",B-XC 106
6,6,"[2020-06-01 09:07:48.255855+00, 2020-06-02 05:57:36.144915+00)",B-XD 67
6,6,"[2020-06-01 09:07:48.255855+00, 2020-06-02 05:57:36.144915+00)",B-YT 16
6,6,"[2020-06-01 09:07:48.255855+00, 2020-06-02 05:57:36.144915+00)",B-YY 18
6,6,"[2020-06-01 09:07:48.255855+00, 2020-06-02 05:57:36.144915+00)",B-ZL 134
6,8,"[2020-06-03 10:01:11.421063+00, 2020-06-04 20:33:04.172466+00)",B-BJ 115
6,8,"[2020-06-03 10:01:11.421063+00, 2020-06-04 20:33:04.172466+00)",B-DB 20
6,8,"[2020-06-03 10:01:11.421063+00, 2020-06-04 20:33:04.172466+00)",B-DB 26
6,8,"[2020-06-03 10:01:11.421063+00, 2020-06-04 20:33:04.172466+00)",B-EU 89
6,8,"[2020-06-03 10:01:11.421063+00, 2020-06-04 20:33:04.172466+00)",B-FF 133
6,8,"[2020-06-03 10:01:11.421063+00, 2020-06-04 20:33:04.172466+00)",B-HQ 81
6,8,"[2020-06-03 10:01:11.421063+00, 2020-06-04 20:33:04.172466+00)",B-IQ 116
6,8,"[2020-06-03 10:01:11.421063+00, 2020-06-04 20:33:04.172466+00)",B-JM 119
6,8,"[2020-06-03 10:01:11.421063+00, 2020-06-04 20:33:04.172466+00)",B-JU 111
6,8,"[2020-06-03 10:01:11.421063+00, 2020-06-04 20:33:04.172466+00)",B-KI 60
6,8,"[2020-06-03 10:01:11.421063+00, 2020-06-04 20:33:04.172466+00)",B-MD 101
6,8,"[2020-06-03 10:01:11.421063+00, 2020-06-04 20:33:04.172466+00)",B-MU 41
6,8,"[2020-06-03 10:01:11.421063+00, 2020-06-04 20:33:04.172466+00)",B-ND 33
6,8,"[2020-06-03 10:01:11.421063+00, 2020-06-04 20:33:04.172466+00)",B-OD 141
6,8,"[2020-06-03 10:01:11.421063+00, 2020-06-04 20:33:04.172466+00)",B-OU 48
6,8,"[2020-06-03 10:01:11.421063+00, 2020-06-04 20:33:04.172466+00)",B-PI 21
6,8,"[2020-06-03 10:01:11.421063+00, 2020-06-04 20:33:04.172466+00)",B-PZ 15
6,8,"[2020-06-03 10:01:11.421063+00, 2020-06-04 20:33:04.172466+00)",B-QZ 5
6,8,"[2020-06-03 10:01:11.421063+00, 2020-06-04 20:33:04.172466+00)",B-RJ 63
6,8,"[2020-06-03 10:01:11.421063+00, 2020-06-04 20:33:04.172466+00)",B-TQ 68
6,8,"[2020-06-03 10:01:11.421063+00, 2020-06-04 20:33:04.172466+00)",B-WE 83
6,8,"[2020-06-03 10:01:11.421063+00, 2020-06-04 20:33:04.172466+00)",B-WZ 19
6,8,"[2020-06-03 10:01:11.421063+00, 2020-06-04 20:33:04.172466+00)",B-XC 106
6,8,"[2020-06-03 10:01:11.421063+00, 2020-06-04 20:33:04.172466+00)",B-XD 67
6,8,"[2020-06-03 10:01:11.421063+00, 2020-06-04 20:33:04.172466+00)",B-YT 16
6,8,"[2020-06-03 10:01:11.421063+00, 2020-06-04 20:33:04.172466+00)",B-YY 18
6,8,"[2020-06-03 10:01:11.421063+00, 2020-06-04 20:33:04.172466+00)",B-ZL 134
6,8,"[2020-06-03 10:01:11.421063+00, 2020-06-04 20:33:04.172466+00)",B-ZQ 140
6,9,"[2020-06-01 05:13:10.82024+00, 2020-06-02 21:34:07.854029+00)",B-BJ 115
6,9,"[2020-06-01 05:13:10.82024+00, 2020-06-02 21:34:07.854029+00)",B-DB 20
6,9,"[2020-06-01 05:13:10.82024+00, 2020-06-02 21:34:07.854029+00)",B-DB 26
6,9,"[2020-06-01 05:13:10.82024+00, 2020-06-02 21:34:07.854029+00)",B-EU 89
6,9,"[2020-06-01 05:13:10.82024+00, 2020-06-02 21:34:07.854029+00)",B-FF 133
6,9,"[2020-06-01 05:13:10.82024+00, 2020-06-02 21:34:07.854029+00)",B-IQ 116
6,9,"[2020-06-01 05:13:10.82024+00, 2020-06-02 21:34:07.854029+00)",B-JM 119
6,9,"[2020-06-01 05:13:10.82024+00, 2020-06-02 21:34:07.854029+00)",B-JU 111
6,9,"[2020-06-01 05:13:10.82024+00, 2020-06-02 21:34:07.854029+00)",B-KI 60
6,9,"[2020-06-01 05:13:10.82024+00, 2020-06-02 21:34:07.854029+00)",B-MD 101
6,9,"[2020-06-01 05:13:10.82024+00, 2020-06-02 21:34:07.854029+00)",B-MU 41
6,9,"[2020-06-01 05:13:10.82024+00, 2020-06-02 21:34:07.854029+00)",B-OD 141
6,9,"[2020-06-01 05:13:10.82024+00, 2020-06-02 21:34:07.854029+00)",B-OU 48
6,9,"[2020-06-01 05:13:10.82024+00, 2020-06-02 21:34:07.854029+00)",B-PI 21
6,9,"[2020-06-01 05:13:10.82024+00, 2020-06-02 21:34:07.854029+00)",B-QZ 5
6,9,"[2020-06-01 05:13:10.82024+00, 2020-06-02 21:34:07.854029+00)",B-RJ 63
6,9,"[2020-06-01 05:13:10.82024+00, 2020-06-02 21:34:07.854029+00)",B-UO 129
6,9,"[2020-06-01 05:13:10.82024+00, 2020-06-02 21:34:07.854029+00)",B-WE 83
6,9,"[2020-06-01 05:13:10.82024+00, 2020-06-02 21:34:07.854029+00)",B-WZ 19
6,9,"[2020-06-01 05:13:10.82024+00, 2020-06-02 21:34:07.854029+00)",B-XC 106
6,9,"[2020-06-01 05:13:10.82024+00, 2020-06-02 21:34:07.854029+00)",B-XD 67
6,9,"[2020-06-01 05:13:10.82024+00, 2020-06-02 21:34:07.854029+00)",B-YT 16
6,9,"[2020-06-01 05:13:10.82024+00, 2020-06-02 21:34:07.854029+00)",B-YY 18
6,9,"[2020-06-01 05:13:10.82024+00, 2020-06-02 21:34:07.854029+00)",B-ZL 134
7,9,"[2020-06-01 05:13:10.82024+00, 2020-06-02 21:34:07.854029+00)",B-IS 121
8,1,"[2020-06-01 16:22:05.582678+00, 2020-06-02 04:15:31.671994+00)",B-DJ 8
8,1,"[2020-06-01 16:22:05.582678+00, 2020-06-02 04:15:31.671994+00)",B-EF 1
8,1,"[2020-06-01 16:22:05.582678+00, 2020-06-02 04:15:31.671994+00)",B-EM 62
8,1,"[2020-06-01 16:22:05.582678+00, 2020-06-02 04:15:31.671994+00)",B-HW 80
8,1,"[2020-06-01 16:22:05.582678+00, 2020-06-02 04:15:31.671994+00)",B-IZ 27
8,1,"[2020-06-01 16:22:05.582678+00, 2020-06-02 04:15:31.671994+00)",B-JV 139
8,1,"[2020-06-01 16:22:05.582678+00, 2020-06-02 04:15:31.671994+00)",B-KH 14
8,1,"[2020-06-01 16:22:05.582678+00, 2020-06-02 04:15:31.671994+00)",B-KI 60
8,1,"[2020-06-01 16:22:05.582678+00, 2020-06-02 04:15:31.671994+00)",B-KM 90
8,1,"[2020-06-01 16:22:05.582678+00, 2020-06-02 04:15:31.671994+00)",B-LY 49
8,1,"[2020-06-01 16:22:05.582678+00, 2020-06-02 04:15:31.671994+00)",B-MF 24
8,1,"[2020-06-01 16:22:05.582678+00, 2020-06-02 04:15:31.671994+00)",B-NJ 131
8,1,"[2020-06-01 16:22:05.582678+00, 2020-06-02 04:15:31.671994+00)",B-OD 141
8,1,"[2020-06-01 16:22:05.582678+00, 2020-06-02 04:15:31.671994+00)",B-OT 13
8,1,"[2020-06-01 16:22:05.582678+00, 2020-06-02 04:15:31.671994+00)",B-PM 102
8,1,"[2020-06-01 16:22:05.582678+00, 2020-06-02 04:15:31.671994+00)",B-QO 72
8,1,"[2020-06-01 16:22:05.582678+00, 2020-06-02 04:15:31.671994+00)",B-QW 58
8,1,"[2020-06-01 16:22:05.582678+00, 2020-06-02 04:15:31.671994+00)",B-TD 126
8,1,"[2020-06-01 16:22:05.582678+00, 2020-06-02 04:15:31.671994+00)",B-TK 22
8,1,"[2020-06-01 16:22:05.582678+00, 2020-06-02 04:15:31.671994+00)",B-TN 135
8,1,"[2020-06-01 16:22:05.582678+00, 2020-06-02 04:15:31.671994+00)",B-UO 129
8,1,"[2020-06-01 16:22:05.582678+00, 2020-06-02 04:15:31.671994+00)",B-VD 123
8,1,"[2020-06-01 16:22:05.582678+00, 2020-06-02 04:15:31.671994+00)",B-WI 104
8,1,"[2020-06-01 16:22:05.582678+00, 2020-06-02 04:15:31.671994+00)",B-XQ 85
8,1,"[2020-06-01 16:22:05.582678+00, 2020-06-02 04:15:31.671994+00)",B-YF 124
8,1,"[2020-06-01 16:22:05.582678+00, 2020-06-02 04:15:31.671994+00)",B-ZY 6
8,1,"[2020-06-01 16:22:05.582678+00, 2020-06-02 04:15:31.671994+00)",B-[J 127
8,2,"[2020-06-02 17:15:09.085295+00, 2020-06-02 19:04:26.119882+00)",B-EF 1
8,2,"[2020-06-02 17:15:09.085295+00, 2020-06-02 19:04:26.119882+00)",B-HW 80
8,2,"[2020-06-02 17:15:09.085295+00, 2020-06-02 19:04:26.119882+00)",B-NJ 131
8,2,"[2020-06-02 17:15:09.085295+00, 2020-06-02 19:04:26.119882+00)",B-QO 72
8,2,"[2020-06-02 17:15:09.085295+00, 2020-06-02 19:04:26.119882+00)",B-QW 58
8,2,"[2020-06-02 17:15:09.085295+00, 2020-06-02 19:04:26.119882+00)",B-TK 22
8,2,"[2020-06-02 17:15:09.085295+00, 2020-06-02 19:04:26.119882+00)",B-UO 129
8,2,"[2020-06-02 17:15:09.085295+00, 2020-06-02 19:04:26.119882+00)",B-VD 123
8,2,"[2020-06-02 17:15:09.085295+00, 2020-06-02 19:04:26.119882+00)",B-XQ 85
8,2,"[2020-06-02 17:15:09.085295+00, 2020-06-02 19:04:26.119882+00)",B-YF 124
8,2,"[2020-06-02 17:15:09.085295+00, 2020-06-02 19:04:26.119882+00)",B-[J 127
8,3,"[2020-06-01 00:00:07.969134+00, 2020-06-01 14:56:50.846603+00)",B-EF 1
8,3,"[2020-06-01 00:00:07.969134+00, 2020-06-01 14:56:50.846603+00)",B-HW 80
8,3,"[2020-06-01 00:00:07.969134+00, 2020-06-01 14:56:50.846603+00)",B-IZ 27
8,3,"[2020-06-01 00:00:07.969134+00, 2020-06-01 14:56:50.846603+00)",B-JV 139
8,3,"[2020-06-01 00:00:07.969134+00, 2020-06-01 14:56:50.846603+00)",B-KH 14
8,3,"[2020-06-01 00:00:07.969134+00, 2020-06-01 14:56:50.846603+00)",B-KM 90
8,3,"[2020-06-01 00:00:07.969134+00, 2020-06-01 14:56:50.846603+00)",B-LY 49
8,3,"[2020-06-01 00:00:07.969134+00, 2020-06-01 14:56:50.846603+00)",B-MF 24
8,3,"[2020-06-01 00:00:07.969134+00, 2020-06-01 14:56:50.846603+00)",B-NJ 131
8,3,"[2020-06-01 00:00:07.969134+00, 2020-06-01 14:56:50.846603+00)",B-NP 77
8,3,"[2020-06-01 00:00:07.969134+00, 2020-06-01 14:56:50.846603+00)",B-OD 141
8,3,"[2020-06-01 00:00:07.969134+00, 2020-06-01 14:56:50.846603+00)",B-PM 102
8,3,"[2020-06-01 00:00:07.969134+00, 2020-06-01 14:56:50.846603+00)",B-TD 126
8,3,"[2020-06-01 00:00:07.969134+00, 2020-06-01 14:56:50.846603+00)",B-TK 22
8,3,"[2020-06-01 00:00:07.969134+00, 2020-06-01 14:56:50.846603+00)",B-TN 135
8,3,"[2020-06-01 00:00:07.969134+00, 2020-06-01 14:56:50.846603+00)",B-UO 129
8,3,"[2020-06-01 00:00:07.969134+00, 2020-06-01 14:56:50.846603+00)",B-VD 123
8,3,"[2020-06-01 00:00:07.969134+00, 2020-06-01 14:56:50.846603+00)",B-WI 104
8,3,"[2020-06-01 00:00:07.969134+00, 2020-06-01 14:56:50.846603+00)",B-XN 113
8,3,"[2020-06-01 00:00:07.969134+00, 2020-06-01 14:56:50.846603+00)",B-XQ 85
8,3,"[2020-06-01 00:00:07.969134+00, 2020-06-01 14:56:50.846603+00)",B-YF 124
8,3,"[2020-06-01 00:00:07.969134+00, 2020-06-01 14:56:50.846603+00)",B-ZN 7
8,3,"[2020-06-01 00:00:07.969134+00, 2020-06-01 14:56:50.846603+00)",B-[J 127
8,4,"[2020-06-03 21:27:43.364848+00, 2020-06-05 21:00:01.311949+00)",B-CR 108
8,4,"[2020-06-03 21:27:43.364848+00, 2020-06-05 21:00:01.311949+00)",B-DJ 8
8,4,"[2020-06-03 21:27:43.364848+00, 2020-06-05 21:00:01.311949+00)",B-EF 1
8,4,"[2020-06-03 21:27:43.364848+00, 2020-06-05 21:00:01.311949+00)",B-HW 80
8,4,"[2020-06-03 21:27:43.364848+00, 2020-06-05 21:00:01.311949+00)",B-IZ 27
8,4,"[2020-06-03 21:27:43.364848+00, 2020-06-05 21:00:01.311949+00)",B-JV 139
8,4,"[2020-06-03 21:27:43.364848+00, 2020-06-05 21:00:01.311949+00)",B-KF 100
8,4,"[2020-06-03 21:27:43.364848+00, 2020-06-05 21:00:01.311949+00)",B-KH 14
8,4,"[2020-06-03 21:27:43.364848+00, 2020-06-05 21:00:01.311949+00)",B-KI 60
8,4,"[2020-06-03 21:27:43.364848+00, 2020-06-05 21:00:01.311949+00)",B-KM 90
8,4,"[2020-06-03 21:27:43.364848+00, 2020-06-05 21:00:01.311949+00)",B-LY 49
8,4,"[2020-06-03 21:27:43.364848+00, 2020-06-05 21:00:01.311949+00)",B-LZ 31
8,4,"[2020-06-03 21:27:43.364848+00, 2020-06-05 21:00:01.311949+00)",B-MF 24
8,4,"[2020-06-03 21:27:43.364848+00, 2020-06-05 21:00:01.311949+00)",B-ND 33
8,4,"[2020-06-03 21:27:43.364848+00, 2020-06-05 21:00:01.311949+00)",B-NJ 131
8,4,"[2020-06-03 21:27:43.364848+00, 2020-06-05 21:00:01.311949+00)",B-NP 77
8,4,"[2020-06-03 21:27:43.364848+00, 2020-06-05 21:00:01.311949+00)",B-OD 141
8,4,"[2020-06-03 21:27:43.364848+00, 2020-06-05 21:00:01.311949+00)",B-OT 13
8,4,"[2020-06-03 21:27:43.364848+00, 2020-06-05 21:00:01.311949+00)",B-PI 21
8,4,"[2020-06-03 21:27:43.364848+00, 2020-06-05 21:00:01.311949+00)",B-PM 102
8,4,"[2020-06-03 21:27:43.364848+00, 2020-06-05 21:00:01.311949+00)",B-QO 72
8,4,"[2020-06-03 21:27:43.364848+00, 2020-06-05 21:00:01.311949+00)",B-QW 58
8,4,"[2020-06-03 21:27:43.364848+00, 2020-06-05 21:00:01.311949+00)",B-TD 126
8,4,"[2020-06-03 21:27:43.364848+00, 2020-06-05 21:00:01.311949+00)",B-TK 122
8,4,"[2020-06-03 21:27:43.364848+00, 2020-06-05 21:00:01.311949+00)",B-TK 22
8,4,"[2020-06-03 21:27:43.364848+00, 2020-06-05 21:00:01.311949+00)",B-TN 135
8,4,"[2020-06-03 21:27:43.364848+00, 2020-06-05 21:00:01.311949+00)",B-UO 129
8,4,"[2020-06-03 21:27:43.364848+00, 2020-06-05 21:00:01.311949+00)",B-VD 123
8,4,"[2020-06-03 21:27:43.364848+00, 2020-06-05 21:00:01.311949+00)",B-WI 104
8,4,"[2020-06-03 21:27:43.364848+00, 2020-06-05 21:00:01.311949+00)",B-XN 113
8,4,"[2020-06-03 21:27:43.364848+00, 2020-06-05 21:00:01.311949+00)",B-XQ 85
8,4,"[2020-06-03 21:27:43.364848+00, 2020-06-05 21:00:01.311949+00)",B-YF 124
8,4,"[2020-06-03 21:27:43.364848+00, 2020-06-05 21:00:01.311949+00)",B-ZN 7
8,4,"[2020-06-03 21:27:43.364848+00, 2020-06-05 21:00:01.311949+00)",B-ZQ 140
8,4,"[2020-06-03 21:27:43.364848+00, 2020-06-05 21:00:01.311949+00)",B-[J 127
8,5,"[2020-06-01 16:52:24.292322+00, 2020-06-02 17:01:28.733421+00)",B-DJ 8
8,5,"[2020-06-01 16:52:24.292322+00, 2020-06-02 17:01:28.733421+00)",B-EF 1
8,5,"[2020-06-01 16:52:24.292322+00, 2020-06-02 17:01:28.733421+00)",B-EM 62
8,5,"[2020-06-01 16:52:24.292322+00, 2020-06-02 17:01:28.733421+00)",B-HW 80
8,5,"[2020-06-01 16:52:24.292322+00, 2020-06-02 17:01:28.733421+00)",B-IZ 27
8,5,"[2020-06-01 16:52:24.292322+00, 2020-06-02 17:01:28.733421+00)",B-JV 139
8,5,"[2020-06-01 16:52:24.292322+00, 2020-06-02 17:01:28.733421+00)",B-KH 14
8,5,"[2020-06-01 16:52:24.292322+00, 2020-06-02 17:01:28.733421+00)",B-KI 60
8,5,"[2020-06-01 16:52:24.292322+00, 2020-06-02 17:01:28.733421+00)",B-KM 90
8,5,"[2020-06-01 16:52:24.292322+00, 2020-06-02 17:01:28.733421+00)",B-LY 49
8,5,"[2020-06-01 16:52:24.292322+00, 2020-06-02 17:01:28.733421+00)",B-MF 24
8,5,"[2020-06-01 16:52:24.292322+00, 2020-06-02 17:01:28.733421+00)",B-NJ 131
8,5,"[2020-06-01 16:52:24.292322+00, 2020-06-02 17:01:28.733421+00)",B-NP 77
8,5,"[2020-06-01 16:52:24.292322+00, 2020-06-02 17:01:28.733421+00)",B-OD 141
8,5,"[2020-06-01 16:52:24.292322+00, 2020-06-02 17:01:28.733421+00)",B-OT 13
8,5,"[2020-06-01 16:52:24.292322+00, 2020-06-02 17:01:28.733421+00)",B-PM 102
8,5,"[2020-06-01 16:52:24.292322+00, 2020-06-02 17:01:28.733421+00)",B-QO 72
8,5,"[2020-06-01 16:52:24.292322+00, 2020-06-02 17:01:28.733421+00)",B-QW 58
8,5,"[2020-06-01 16:52:24.292322+00, 2020-06-02 17:01:28.733421+00)",B-TD 126
8,5,"[2020-06-01 16:52:24.292322+00, 2020-06-02 17:01:28.733421+00)",B-TK 22
8,5,"[2020-06-01 16:52:24.292322+00, 2020-06-02 17:01:28.733421+00)",B-TN 135
8,5,"[2020-06-01 16:52:24.292322+00, 2020-06-02 17:01:28.733421+00)",B-UO 129
8,5,"[2020-06-01 16:52:24.292322+00, 2020-06-02 17:01:28.733421+00)",B-VD 123
8,5,"[2020-06-01 16:52:24.292322+00, 2020-06-02 17:01:28.733421+00)",B-WI 104
8,5,"[2020-06-01 16:52:24.292322+00, 2020-06-02 17:01:28.733421+00)",B-XN 113
8,5,"[2020-06-01 16:52:24.292322+00, 2020-06-02 17:01:28.733421+00)",B-XQ 85
8,5,"[2020-06-01 16:52:24.292322+00, 2020-06-02 17:01:28.733421+00)",B-YF 124
8,5,"[2020-06-01 16:52:24.292322+00, 2020-06-02 17:01:28.733421+00)",B-ZN 7
8,5,"[2020-06-01 16:52:24.292322+00, 2020-06-02 17:01:28.733421+00)",B-ZY 6
8,5,"[2020-06-01 16:52:24.292322+00, 2020-06-02 17:01:28.733421+00)",B-[J 127
8,6,"[2020-06-01 09:07:48.255855+00, 2020-06-02 05:57:36.144915+00)",B-DJ 8
8,6,"[2020-06-01 09:07:48.255855+00, 2020-06-02 05:57:36.144915+00)",B-EF 1
8,6,"[2020-06-01 09:07:48.255855+00, 2020-06-02 05:57:36.144915+00)",B-EM 62
8,6,"[2020-06-01 09:07:48.255855+00, 2020-06-02 05:57:36.144915+00)",B-HW 80
8,6,"[2020-06-01 09:07:48.255855+00, 2020-06-02 05:57:36.144915+00)",B-IZ 27
8,6,"[2020-06-01 09:07:48.255855+00, 2020-06-02 05:57:36.144915+00)",B-JV 139
8,6,"[2020-06-01 09:07:48.255855+00, 2020-06-02 05:57:36.144915+00)",B-KH 14
8,6,"[2020-06-01 09:07:48.255855+00, 2020-06-02 05:57:36.144915+00)",B-KI 60
8,6,"[2020-06-01 09:07:48.255855+00, 2020-06-02 05:57:36.144915+00)",B-KM 90
8,6,"[2020-06-01 09:07:48.255855+00, 2020-06-02 05:57:36.144915+00)",B-LY 49
8,6,"[2020-06-01 09:07:48.255855+00, 2020-06-02 05:57:36.144915+00)",B-MF 24
8,6,"[2020-06-01 09:07:48.255855+00, 2020-06-02 05:57:36.144915+00)",B-NJ 131
8,6,"[2020-06-01 09:07:48.255855+00, 2020-06-02 05:57:36.144915+00)",B-NP 77
8,6,"[2020-06-01 09:07:48.255855+00, 2020-06-02 05:57:36.144915+00)",B-OD 141
8,6,"[2020-06-01 09:07:48.255855+00, 2020-06-02 05:57:36.144915+00)",B-OT 13
8,6,"[2020-06-01 09:07:48.255855+00, 2020-06-02 05:57:36.144915+00)",B-PM 102
8,6,"[2020-06-01 09:07:48.255855+00, 2020-06-02 05:57:36.144915+00)",B-QO 72
8,6,"[2020-06-01 09:07:48.255855+00, 2020-06-02 05:57:36.144915+00)",B-QW 58
8,6,"[2020-06-01 09:07:48.255855+00, 2020-06-02 05:57:36.144915+00)",B-TD 126
8,6,"[2020-06-01 09:07:48.255855+00, 2020-06-02 05:57:36.144915+00)",B-TK 22
8,6,"[2020-06-01 09:07:48.255855+00, 2020-06-02 05:57:36.144915+00)",B-TN 135
8,6,"[2020-06-01 09:07:48.255855+00, 2020-06-02 05:57:36.144915+00)",B-UO 129
8,6,"[2020-06-01 09:07:48.255855+00, 2020-06-02 05:57:36.144915+00)",B-VD 123
8,6,"[2020-06-01 09:07:48.255855+00, 2020-06-02 05:57:36.144915+00)",B-WI 104
8,6,"[2020-06-01 09:07:48.255855+00, 2020-06-02 05:57:36.144915+00)",B-XQ 85
8,6,"[2020-06-01 09:07:48.255855+00, 2020-06-02 05:57:36.144915+00)",B-YF 124
8,6,"[2020-06-01 09:07:48.255855+00, 2020-06-02 05:57:36.144915+00)",B-ZN 7
8,6,"[2020-06-01 09:07:48.255855+00, 2020-06-02 05:57:36.144915+00)",B-ZY 6
8,6,"[2020-06-01 09:07:48.255855+00, 2020-06-02 05:57:36.144915+00)",B-[J 127
8,8,"[2020-06-03 10:01:11.421063+00, 2020-06-04 20:33:04.172466+00)",B-DJ 8
8,8,"[2020-06-03 10:01:11.421063+00, 2020-06-04 20:33:04.172466+00)",B-EF 1
8,8,"[2020-06-03 10:01:11.421063+00, 2020-06-04 20:33:04.172466+00)",B-HW 80
8,8,"[2020-06-03 10:01:11.421063+00, 2020-06-04 20:33:04.172466+00)",B-IZ 27
8,8,"[2020-06-03 10:01:11.421063+00, 2020-06-04 20:33:04.172466+00)",B-JV 139
8,8,"[2020-06-03 10:01:11.421063+00, 2020-06-04 20:33:04.172466+00)",B-KF 100
8,8,"[2020-06-03 10:01:11.421063+00, 2020-06-04 20:33:04.172466+00)",B-KH 14
8,8,"[2020-06-03 10:01:11.421063+00, 2020-06-04 20:33:04.172466+00)",B-KI 60
8,8,"[2020-06-03 10:01:11.421063+00, 2020-06-04 20:33:04.172466+00)",B-KM 90
8,8,"[2020-06-03 10:01:11.421063+00, 2020-06-04 20:33:04.172466+00)",B-LY 49
8,8,"[2020-06-03 10:01:11.421063+00, 2020-06-04 20:33:04.172466+00)",B-MF 24
8,8,"[2020-06-03 10:01:11.421063+00, 2020-06-04 20:33:04.172466+00)",B-ND 33
8,8,"[2020-06-03 10:01:11.421063+00, 2020-06-04 20:33:04.172466+00)",B-NJ 131
8,8,"[2020-06-03 10:01:11.421063+00, 2020-06-04 20:33:04.172466+00)",B-NP 77
8,8,"[2020-06-03 10:01:11.421063+00, 2020-06-04 20:33:04.172466+00)",B-OD 141
8,8,"[2020-06-03 10:01:11.421063+00, 2020-06-04 20:33:04.172466+00)",B-OT 13
8,8,"[2020-06-03 10:01:11.421063+00, 2020-06-04 20:33:04.172466+00)",B-PI 21
8,8,"[2020-06-03 10:01:11.421063+00, 2020-06-04 20:33:04.172466+00)",B-PM 102
8,8,"[2020-06-03 10:01:11.421063+00, 2020-06-04 20:33:04.172466+00)",B-QO 72
8,8,"[2020-06-03 10:01:11.421063+00, 2020-06-04 20:33:04.172466+00)",B-QW 58
8,8,"[2020-06-03 10:01:11.421063+00, 2020-06-04 20:33:04.172466+00)",B-TD 126
8,8,"[2020-06-03 10:01:11.421063+00, 2020-06-04 20:33:04.172466+00)",B-TK 22
8,8,"[2020-06-03 10:01:11.421063+00, 2020-06-04 20:33:04.172466+00)",B-TN 135
8,8,"[2020-06-03 10:01:11.421063+00, 2020-06-04 20:33:04.172466+00)",B-UO 129
8,8,"[2020-06-03 10:01:11.421063+00, 2020-06-04 20:33:04.172466+00)",B-VD 123
8,8,"[2020-06-03 10:01:11.421063+00, 2020-06-04 20:33:04.172466+00)",B-VM 82
8,8,"[2020-06-03 10:01:11.421063+00, 2020-06-04 20:33:04.172466+00)",B-WI 104
8,8,"[2020-06-03 10:01:11.421063+00, 2020-06-04 20:33:04.172466+00)",B-XN 113
8,8,"[2020-06-03 10:01:11.421063+00, 2020-06-04 20:33:04.172466+00)",B-XQ 85
8,8,"[2020-06-03 10:01:11.421063+00, 2020-06-04 20:33:04.172466+00)",B-YF 124
8,8,"[2020-06-03 10:01:11.421063+00, 2020-06-04 20:33:04.172466+00)",B-ZN 7
8,8,"[2020-06-03 10:01:11.421063+00, 2020-06-04 20:33:04.172466+00)",B-ZQ 140
8,8,"[2020-06-03 10:01:11.421063+00, 2020-06-04 20:33:04.172466+00)",B-[J 127
8,9,"[2020-06-01 05:13:10.82024+00, 2020-06-02 21:34:07.854029+00)",B-DJ 8
8,9,"[2020-06-01 05:13:10.82024+00, 2020-06-02 21:34:07.854029+00)",B-EF 1
8,9,"[2020-06-01 05:13:10.82024+00, 2020-06-02 21:34:07.854029+00)",B-EM 62
8,9,"[2020-06-01 05:13:10.82024+00, 2020-06-02 21:34:07.854029+00)",B-HW 80
8,9,"[2020-06-01 05:13:10.82024+00, 2020-06-02 21:34:07.854029+00)",B-IZ 27
8,9,"[2020-06-01 05:13:10.82024+00, 2020-06-02 21:34:07.854029+00)",B-JM 76
8,9,"[2020-06-01 05:13:10.82024+00, 2020-06-02 21:34:07.854029+00)",B-JV 139
8,9,"[2020-06-01 05:13:10.82024+00, 2020-06-02 21:34:07.854029+00)",B-KH 14
8,9,"[2020-06-01 05:13:10.82024+00, 2020-06-02 21:34:07.854029+00)",B-KI 60
8,9,"[2020-06-01 05:13:10.82024+00, 2020-06-02 21:34:07.854029+00)",B-KM 90
8,9,"[2020-06-01 05:13:10.82024+00, 2020-06-02 21:34:07.854029+00)",B-LY 49
8,9,"[2020-06-01 05:13:10.82024+00, 2020-06-02 21:34:07.854029+00)",B-MF 24
8,9,"[2020-06-01 05:13:10.82024+00, 2020-06-02 21:34:07.854029+00)",B-NJ 131
8,9,"[2020-06-01 05:13:10.82024+00, 2020-06-02 21:34:07.854029+00)",B-NP 77
8,9,"[2020-06-01 05:13:10.82024+00, 2020-06-02 21:34:07.854029+00)",B-OD 141
8,9,"[2020-06-01 05:13:10.82024+00, 2020-06-02 21:34:07.854029+00)",B-OT 13
8,9,"[2020-06-01 05:13:10.82024+00, 2020-06-02 21:34:07.854029+00)",B-PM 102
8,9,"[2020-06-01 05:13:10.82024+00, 2020-06-02 21:34:07.854029+00)",B-QO 72
8,9,"[2020-06-01 05:13:10.82024+00, 2020-06-02 21:34:07.854029+00)",B-QW 58
8,9,"[2020-06-01 05:13:10.82024+00, 2020-06-02 21:34:07.854029+00)",B-TD 126
8,9,"[2020-06-01 05:13:10.82024+00, 2020-06-02 21:34:07.854029+00)",B-TK 22
8,9,"[2020-06-01 05:13:10.82024+00, 2020-06-02 21:34:07.854029+00)",B-TN 135
8,9,"[2020-06-01 05:13:10.82024+00, 2020-06-02 21:34:07.854029+00)",B-UO 129
8,9,"[2020-06-01 05:13:10.82024+00, 2020-06-02 21:34:07.854029+00)",B-VD 123
8,9,"[2020-06-01 05:13:10.82024+00, 2020-06-02 21:34:07.854029+00)",B-WI 104
8,9,"[2020-06-01 05:13:10.82024+00, 2020-06-02 21:34:07.854029+00)",B-XN 113
8,9,"[2020-06-01 05:13:10.82024+00, 2020-06-02 21:34:07.854029+00)",B-XQ 85
8,9,"[2020-06-01 05:13:10.82024+00, 2020-06-02 21:34:07.854029+00)",B-YF 124
8,9,"[2020-06-01 05:13:10.82024+00, 2020-06-02 21:34:07.854029+00)",B-ZN 7
8,9,"[2020-06-01 05:13:10.82024+00, 2020-06-02 21:34:07.854029+00)",B-ZY 6
8,9,"[2020-06-01 05:13:10.82024+00, 2020-06-02 21:34:07.854029+00)",B-[J 127
9,1,"[2020-06-01 16:22:05.582678+00, 2020-06-02 04:15:31.671994+00)",B-IG 12
9,1,"[2020-06-01 16:22:05.582678+00, 2020-06-02 04:15:31.671994+00)",B-ZN 7
9,2,"[2020-06-02 17:15:09.085295+00, 2020-06-02 19:04:26.119882+00)",B-ZN 7
9,3,"[2020-06-01 00:00:07.969134+00, 2020-06-01 14:56:50.846603+00)",B-ZN 7
9,4,"[2020-06-03 21:27:43.364848+00, 2020-06-05 21:00:01.311949+00)",B-ZN 7
9,5,"[2020-06-01 16:52:24.292322+00, 2020-06-02 17:01:28.733421+00)",B-IG 12
9,5,"[2020-06-01 16:52:24.292322+00, 2020-06-02 17:01:28.733421+00)",B-ZN 7
9,6,"[2020-06-01 09:07:48.255855+00, 2020-06-02 05:57:36.144915+00)",B-IG 12
9,6,"[2020-06-01 09:07:48.255855+00, 2020-06-02 05:57:36.144915+00)",B-ZN 7
9,8,"[2020-06-03 10:01:11.421063+00, 2020-06-04 20:33:04.172466+00)",B-ZN 7
9,9,"[2020-06-01 05:13:10.82024+00, 2020-06-02 21:34:07.854029+00)",B-IG 12
9,9,"[2020-06-01 05:13:10.82024+00, 2020-06-02 21:34:07.854029+00)",B-ZN 7
10,3,"[2020-06-01 00:00:07.969134+00, 2020-06-01 14:56:50.846603+00)",B-KD 93
10,4,"[2020-06-03 21:27:43.364848+00, 2020-06-05 21:00:01.311949+00)",B-KD 93
10,4,"[2020-06-03 21:27:43.364848+00, 2020-06-05 21:00:01.311949+00)",B-TK 22
10,5,"[2020-06-01 16:52:24.292322+00, 2020-06-02 17:01:28.733421+00)",B-KD 93
10,6,"[2020-06-01 09:07:48.255855+00, 2020-06-02 05:57:36.144915+00)",B-KD 93
10,8,"[2020-06-03 10:01:11.421063+00, 2020-06-04 20:33:04.172466+00)",B-KD 93
10,8,"[2020-06-03 10:01:11.421063+00, 2020-06-04 20:33:04.172466+00)",B-TK 22
10,9,"[2020-06-01 05:13:10.82024+00, 2020-06-02 21:34:07.854029+00)",B-KD 93
